timestamp;partition;offset;key;value
1650486017452;0;506;0;"{""window_start"": ""2022-04-20 23:20:00"", ""total_sum_per_minute"": 4459.755682322558}"
1650486017424;0;505;21;"{""window_start"": ""2022-04-20 23:20:00"", ""total_sum_per_minute"": 4213.372641596803}"
1650486017290;0;504;51;"{""window_start"": ""2022-04-20 23:20:00"", ""total_sum_per_minute"": 5582.984721617382}"
1650486017224;0;503;22;"{""window_start"": ""2022-04-20 23:20:00"", ""total_sum_per_minute"": 3614.281620692028}"
1650486016786;0;502;60;"{""window_start"": ""2022-04-20 23:20:00"", ""total_sum_per_minute"": 15269.277007277286}"
1650486016239;0;501;81;"{""window_start"": ""2022-04-20 23:20:00"", ""total_sum_per_minute"": 8806.47356867851}"
1650486015811;0;500;19;"{""window_start"": ""2022-04-20 23:20:00"", ""total_sum_per_minute"": 7658.528239133094}"
1650486014970;0;499;10;"{""window_start"": ""2022-04-20 23:20:00"", ""total_sum_per_minute"": 3438.3732464290615}"
1650486014208;0;498;66;"{""window_start"": ""2022-04-20 23:20:00"", ""total_sum_per_minute"": 8306.98732951368}"
1650486013490;0;497;2;"{""window_start"": ""2022-04-20 23:20:00"", ""total_sum_per_minute"": 6690.09020400085}"
1650486013438;0;496;80;"{""window_start"": ""2022-04-20 23:20:00"", ""total_sum_per_minute"": 5780.268171198099}"
1650486013128;0;495;13;"{""window_start"": ""2022-04-20 23:20:00"", ""total_sum_per_minute"": 3884.3276626492425}"
1650486013067;0;494;96;"{""window_start"": ""2022-04-20 23:20:00"", ""total_sum_per_minute"": 4085.7697245785926}"
1650486012776;0;493;40;"{""window_start"": ""2022-04-20 23:20:00"", ""total_sum_per_minute"": 3372.5441100521853}"
1650486012456;0;492;14;"{""window_start"": ""2022-04-20 23:20:00"", ""total_sum_per_minute"": 3024.996541563318}"
1650486012331;0;491;70;"{""window_start"": ""2022-04-20 23:20:00"", ""total_sum_per_minute"": 4403.997964055184}"
1650486012087;0;490;95;"{""window_start"": ""2022-04-20 23:20:00"", ""total_sum_per_minute"": 3903.421246636498}"
1650486011963;0;489;16;"{""window_start"": ""2022-04-20 23:20:00"", ""total_sum_per_minute"": 7673.642669247554}"
1650486011461;0;488;56;"{""window_start"": ""2022-04-20 23:20:00"", ""total_sum_per_minute"": 5392.207125930331}"
1650486011055;0;487;45;"{""window_start"": ""2022-04-20 23:20:00"", ""total_sum_per_minute"": 8944.835665153341}"
1650486010858;0;486;78;"{""window_start"": ""2022-04-20 23:20:00"", ""total_sum_per_minute"": 11483.448021452128}"
1650486010541;0;485;82;"{""window_start"": ""2022-04-20 23:20:00"", ""total_sum_per_minute"": 9822.851784341483}"
1650486010432;0;484;30;"{""window_start"": ""2022-04-20 23:20:00"", ""total_sum_per_minute"": 9524.44106548891}"
1650486009829;0;483;33;"{""window_start"": ""2022-04-20 23:20:00"", ""total_sum_per_minute"": 6843.290096101888}"
1650486009469;0;482;3;"{""window_start"": ""2022-04-20 23:20:00"", ""total_sum_per_minute"": 5533.08111622937}"
1650486008243;0;481;74;"{""window_start"": ""2022-04-20 23:20:00"", ""total_sum_per_minute"": 5644.552214749301}"
1650486008039;0;480;77;"{""window_start"": ""2022-04-20 23:20:00"", ""total_sum_per_minute"": 5492.722481669383}"
1650486007885;0;479;83;"{""window_start"": ""2022-04-20 23:20:00"", ""total_sum_per_minute"": 4366.615443895088}"
1650486007393;0;478;7;"{""window_start"": ""2022-04-20 23:20:00"", ""total_sum_per_minute"": 14890.676722909986}"
1650486006714;0;477;99;"{""window_start"": ""2022-04-20 23:20:00"", ""total_sum_per_minute"": 4673.421414405715}"
1650486006226;0;476;71;"{""window_start"": ""2022-04-20 23:20:00"", ""total_sum_per_minute"": 6441.310407794389}"
1650486005922;0;475;50;"{""window_start"": ""2022-04-20 23:20:00"", ""total_sum_per_minute"": 3926.44082574403}"
1650486005369;0;474;8;"{""window_start"": ""2022-04-20 23:20:00"", ""total_sum_per_minute"": 7500.443511244603}"
1650486004706;0;473;52;"{""window_start"": ""2022-04-20 23:20:00"", ""total_sum_per_minute"": 3489.7887965937425}"
1650486004621;0;472;59;"{""window_start"": ""2022-04-20 23:20:00"", ""total_sum_per_minute"": 5927.101388489666}"
1650486004151;0;471;87;"{""window_start"": ""2022-04-20 23:20:00"", ""total_sum_per_minute"": 4901.159321343788}"
1650486003304;0;470;15;"{""window_start"": ""2022-04-20 23:20:00"", ""total_sum_per_minute"": 10240.862754868698}"
1650486001833;0;469;36;"{""window_start"": ""2022-04-20 23:20:00"", ""total_sum_per_minute"": 6438.87132231479}"
1650486000301;0;468;54;"{""window_start"": ""2022-04-20 23:20:00"", ""total_sum_per_minute"": 4848.313097948483}"
1650485999788;0;467;80;"{""window_start"": ""2022-04-20 23:19:00"", ""total_sum_per_minute"": 7299.95117397234}"
1650485999662;0;466;6;"{""window_start"": ""2022-04-20 23:19:00"", ""total_sum_per_minute"": 11801.12838893141}"
1650485999506;0;465;54;"{""window_start"": ""2022-04-20 23:19:00"", ""total_sum_per_minute"": 21906.690235029666}"
1650485999309;0;464;0;"{""window_start"": ""2022-04-20 23:19:00"", ""total_sum_per_minute"": 22621.209065405303}"
1650485999257;0;463;4;"{""window_start"": ""2022-04-20 23:19:00"", ""total_sum_per_minute"": 10729.60790030772}"
1650485998807;0;462;70;"{""window_start"": ""2022-04-20 23:19:00"", ""total_sum_per_minute"": 13828.154496804127}"
1650485998525;0;461;10;"{""window_start"": ""2022-04-20 23:19:00"", ""total_sum_per_minute"": 10795.888395991049}"
1650485998234;0;460;62;"{""window_start"": ""2022-04-20 23:19:00"", ""total_sum_per_minute"": 4212.698010427104}"
1650485998110;0;459;33;"{""window_start"": ""2022-04-20 23:19:00"", ""total_sum_per_minute"": 12831.16893019104}"
1650485997801;0;458;72;"{""window_start"": ""2022-04-20 23:19:00"", ""total_sum_per_minute"": 16693.893048938164}"
1650485997518;0;457;84;"{""window_start"": ""2022-04-20 23:19:00"", ""total_sum_per_minute"": 12836.950566345853}"
1650485997097;0;456;64;"{""window_start"": ""2022-04-20 23:19:00"", ""total_sum_per_minute"": 6116.92297882401}"
1650485997042;0;455;50;"{""window_start"": ""2022-04-20 23:19:00"", ""total_sum_per_minute"": 31630.517024129444}"
1650485996692;0;454;90;"{""window_start"": ""2022-04-20 23:19:00"", ""total_sum_per_minute"": 4342.231397335648}"
1650485996079;0;453;47;"{""window_start"": ""2022-04-20 23:19:00"", ""total_sum_per_minute"": 8589.347146023261}"
1650485995613;0;452;63;"{""window_start"": ""2022-04-20 23:19:00"", ""total_sum_per_minute"": 18798.801488903984}"
1650485995466;0;451;23;"{""window_start"": ""2022-04-20 23:19:00"", ""total_sum_per_minute"": 11257.285125736402}"
1650485995024;0;450;78;"{""window_start"": ""2022-04-20 23:19:00"", ""total_sum_per_minute"": 3811.833303915954}"
1650485994682;0;449;58;"{""window_start"": ""2022-04-20 23:19:00"", ""total_sum_per_minute"": 14221.257644932004}"
1650485994369;0;448;79;"{""window_start"": ""2022-04-20 23:19:00"", ""total_sum_per_minute"": 22743.423283134587}"
1650485993713;0;447;20;"{""window_start"": ""2022-04-20 23:19:00"", ""total_sum_per_minute"": 14784.514353167766}"
1650485993580;0;446;53;"{""window_start"": ""2022-04-20 23:19:00"", ""total_sum_per_minute"": 6758.668033341126}"
1650485993199;0;445;14;"{""window_start"": ""2022-04-20 23:19:00"", ""total_sum_per_minute"": 10499.71326328455}"
1650485993074;0;444;17;"{""window_start"": ""2022-04-20 23:19:00"", ""total_sum_per_minute"": 19973.19963575048}"
1650485992880;0;443;67;"{""window_start"": ""2022-04-20 23:19:00"", ""total_sum_per_minute"": 12225.857132562345}"
1650485992554;0;442;92;"{""window_start"": ""2022-04-20 23:19:00"", ""total_sum_per_minute"": 20309.090936029024}"
1650485992097;0;441;55;"{""window_start"": ""2022-04-20 23:19:00"", ""total_sum_per_minute"": 15559.562168028475}"
1650485991775;0;440;24;"{""window_start"": ""2022-04-20 23:19:00"", ""total_sum_per_minute"": 16384.765060551978}"
1650485991388;0;439;77;"{""window_start"": ""2022-04-20 23:19:00"", ""total_sum_per_minute"": 10985.444963338767}"
1650485990169;0;438;43;"{""window_start"": ""2022-04-20 23:19:00"", ""total_sum_per_minute"": 9954.473148585856}"
1650485990037;0;437;27;"{""window_start"": ""2022-04-20 23:19:00"", ""total_sum_per_minute"": 8084.097949368102}"
1650485989794;0;436;73;"{""window_start"": ""2022-04-20 23:19:00"", ""total_sum_per_minute"": 12338.915518437276}"
1650485989417;0;435;91;"{""window_start"": ""2022-04-20 23:19:00"", ""total_sum_per_minute"": 10906.483614504425}"
1650485989063;0;434;19;"{""window_start"": ""2022-04-20 23:19:00"", ""total_sum_per_minute"": 11487.79235869964}"
1650485988389;0;433;97;"{""window_start"": ""2022-04-20 23:19:00"", ""total_sum_per_minute"": 6959.412128988225}"
1650485988235;0;432;52;"{""window_start"": ""2022-04-20 23:19:00"", ""total_sum_per_minute"": 14826.40813077272}"
1650485987588;0;431;75;"{""window_start"": ""2022-04-20 23:19:00"", ""total_sum_per_minute"": 10157.09363701809}"
1650485987211;0;430;4;"{""window_start"": ""2022-04-20 23:19:00"", ""total_sum_per_minute"": 9999.816526158284}"
1650485986741;0;429;35;"{""window_start"": ""2022-04-20 23:19:00"", ""total_sum_per_minute"": 7269.066160847815}"
1650485986486;0;428;10;"{""window_start"": ""2022-04-20 23:19:00"", ""total_sum_per_minute"": 6497.921837954721}"
1650485985633;0;427;32;"{""window_start"": ""2022-04-20 23:19:00"", ""total_sum_per_minute"": 15285.986252302184}"
1650485985598;0;426;28;"{""window_start"": ""2022-04-20 23:19:00"", ""total_sum_per_minute"": 10425.549426879175}"
1650485985228;0;425;66;"{""window_start"": ""2022-04-20 23:19:00"", ""total_sum_per_minute"": 19601.11079186991}"
1650485985213;0;424;5;"{""window_start"": ""2022-04-20 23:19:00"", ""total_sum_per_minute"": 8837.251064913857}"
1650485984718;0;423;79;"{""window_start"": ""2022-04-20 23:19:00"", ""total_sum_per_minute"": 12882.884772037622}"
1650485984454;0;422;84;"{""window_start"": ""2022-04-20 23:19:00"", ""total_sum_per_minute"": 6418.4752831729265}"
1650485984180;0;421;6;"{""window_start"": ""2022-04-20 23:19:00"", ""total_sum_per_minute"": 3959.1250771899163}"
1650485983796;0;420;60;"{""window_start"": ""2022-04-20 23:19:00"", ""total_sum_per_minute"": 11464.036873521214}"
1650485983387;0;419;18;"{""window_start"": ""2022-04-20 23:19:00"", ""total_sum_per_minute"": 8196.714906491688}"
1650485983222;0;418;61;"{""window_start"": ""2022-04-20 23:19:00"", ""total_sum_per_minute"": 7529.33062231309}"
1650485982724;0;417;89;"{""window_start"": ""2022-04-20 23:19:00"", ""total_sum_per_minute"": 20093.649493728783}"
1650485982454;0;416;22;"{""window_start"": ""2022-04-20 23:19:00"", ""total_sum_per_minute"": 6778.0297902985785}"
1650485981894;0;415;33;"{""window_start"": ""2022-04-20 23:19:00"", ""total_sum_per_minute"": 5987.8788340891515}"
1650485981403;0;414;54;"{""window_start"": ""2022-04-20 23:19:00"", ""total_sum_per_minute"": 14980.528666531833}"
1650485980915;0;413;8;"{""window_start"": ""2022-04-20 23:19:00"", ""total_sum_per_minute"": 19733.699214652213}"
1650485980417;0;412;0;"{""window_start"": ""2022-04-20 23:19:00"", ""total_sum_per_minute"": 15485.59997368921}"
1650485979182;0;411;16;"{""window_start"": ""2022-04-20 23:19:00"", ""total_sum_per_minute"": 19256.552118831147}"
1650485978818;0;410;71;"{""window_start"": ""2022-04-20 23:19:00"", ""total_sum_per_minute"": 7872.712720637586}"
1650485978448;0;409;88;"{""window_start"": ""2022-04-20 23:19:00"", ""total_sum_per_minute"": 14406.419959077}"
1650485978127;0;408;77;"{""window_start"": ""2022-04-20 23:19:00"", ""total_sum_per_minute"": 7846.746402384833}"
1650485977955;0;407;59;"{""window_start"": ""2022-04-20 23:19:00"", ""total_sum_per_minute"": 4770.918177187454}"
1650485977529;0;406;27;"{""window_start"": ""2022-04-20 23:19:00"", ""total_sum_per_minute"": 3731.1221304775854}"
1650485977040;0;405;94;"{""window_start"": ""2022-04-20 23:19:00"", ""total_sum_per_minute"": 22784.41407938811}"
1650485976551;0;404;93;"{""window_start"": ""2022-04-20 23:19:00"", ""total_sum_per_minute"": 12449.395178653507}"
1650485976272;0;403;9;"{""window_start"": ""2022-04-20 23:19:00"", ""total_sum_per_minute"": 8466.347772245486}"
1650485976093;0;402;83;"{""window_start"": ""2022-04-20 23:19:00"", ""total_sum_per_minute"": 5289.1723153710955}"
1650485975868;0;401;13;"{""window_start"": ""2022-04-20 23:19:00"", ""total_sum_per_minute"": 14423.633875040905}"
1650485975623;0;400;11;"{""window_start"": ""2022-04-20 23:19:00"", ""total_sum_per_minute"": 3979.2601708210086}"
1650485975107;0;399;36;"{""window_start"": ""2022-04-20 23:19:00"", ""total_sum_per_minute"": 7083.676045374667}"
1650485974176;0;398;48;"{""window_start"": ""2022-04-20 23:19:00"", ""total_sum_per_minute"": 7172.379916585176}"
1650485973102;0;397;65;"{""window_start"": ""2022-04-20 23:19:00"", ""total_sum_per_minute"": 9016.139401855575}"
1650485973052;0;396;55;"{""window_start"": ""2022-04-20 23:19:00"", ""total_sum_per_minute"": 12601.890562937078}"
1650485972810;0;395;52;"{""window_start"": ""2022-04-20 23:19:00"", ""total_sum_per_minute"": 4942.136043590906}"
1650485972386;0;394;56;"{""window_start"": ""2022-04-20 23:19:00"", ""total_sum_per_minute"": 3836.9337102855898}"
1650485972149;0;393;37;"{""window_start"": ""2022-04-20 23:19:00"", ""total_sum_per_minute"": 10479.146737507985}"
1650485971809;0;392;85;"{""window_start"": ""2022-04-20 23:19:00"", ""total_sum_per_minute"": 8044.1510351175475}"
1650485971764;0;391;21;"{""window_start"": ""2022-04-20 23:19:00"", ""total_sum_per_minute"": 16163.432052986758}"
1650485971264;0;390;50;"{""window_start"": ""2022-04-20 23:19:00"", ""total_sum_per_minute"": 27704.076198385414}"
1650485970285;0;389;76;"{""window_start"": ""2022-04-20 23:19:00"", ""total_sum_per_minute"": 3260.244747276117}"
1650485970015;0;388;24;"{""window_start"": ""2022-04-20 23:19:00"", ""total_sum_per_minute"": 9535.562215607852}"
1650485969122;0;387;58;"{""window_start"": ""2022-04-20 23:19:00"", ""total_sum_per_minute"": 13371.09299038877}"
1650485969096;0;386;29;"{""window_start"": ""2022-04-20 23:19:00"", ""total_sum_per_minute"": 9847.573581062648}"
1650485968417;0;385;43;"{""window_start"": ""2022-04-20 23:19:00"", ""total_sum_per_minute"": 9051.043077072463}"
1650485967090;0;384;17;"{""window_start"": ""2022-04-20 23:19:00"", ""total_sum_per_minute"": 13981.239745025336}"
1650485965761;0;383;41;"{""window_start"": ""2022-04-20 23:19:00"", ""total_sum_per_minute"": 3622.423340977182}"
1650485965457;0;382;23;"{""window_start"": ""2022-04-20 23:19:00"", ""total_sum_per_minute"": 6061.615067704217}"
1650485965407;0;381;3;"{""window_start"": ""2022-04-20 23:19:00"", ""total_sum_per_minute"": 4989.095136743871}"
1650485964757;0;380;74;"{""window_start"": ""2022-04-20 23:19:00"", ""total_sum_per_minute"": 6789.832727063298}"
1650485964216;0;379;96;"{""window_start"": ""2022-04-20 23:19:00"", ""total_sum_per_minute"": 5978.562366656823}"
1650485963605;0;378;47;"{""window_start"": ""2022-04-20 23:19:00"", ""total_sum_per_minute"": 3822.333716669868}"
1650485963130;0;377;63;"{""window_start"": ""2022-04-20 23:19:00"", ""total_sum_per_minute"": 14209.608010975036}"
1650485962631;0;376;44;"{""window_start"": ""2022-04-20 23:19:00"", ""total_sum_per_minute"": 7547.533546118781}"
1650485962253;0;375;68;"{""window_start"": ""2022-04-20 23:19:00"", ""total_sum_per_minute"": 3777.8443109524724}"
1650485962163;0;374;72;"{""window_start"": ""2022-04-20 23:19:00"", ""total_sum_per_minute"": 13834.930412535483}"
1650485960909;0;373;39;"{""window_start"": ""2022-04-20 23:19:00"", ""total_sum_per_minute"": 11913.548202478767}"
1650485960302;0;372;30;"{""window_start"": ""2022-04-20 23:19:00"", ""total_sum_per_minute"": 5872.608211896233}"
1650485958487;0;371;14;"{""window_start"": ""2022-04-20 23:19:00"", ""total_sum_per_minute"": 9743.46412789372}"
1650485957839;0;370;92;"{""window_start"": ""2022-04-20 23:19:00"", ""total_sum_per_minute"": 11605.194820588014}"
1650485957703;0;369;20;"{""window_start"": ""2022-04-20 23:19:00"", ""total_sum_per_minute"": 13796.053651404785}"
1650485957023;0;368;75;"{""window_start"": ""2022-04-20 23:19:00"", ""total_sum_per_minute"": 6649.8743147294845}"
1650485956586;0;367;55;"{""window_start"": ""2022-04-20 23:19:00"", ""total_sum_per_minute"": 8479.33141661498}"
1650485956255;0;366;50;"{""window_start"": ""2022-04-20 23:19:00"", ""total_sum_per_minute"": 19660.957302079973}"
1650485955483;0;365;92;"{""window_start"": ""2022-04-20 23:19:00"", ""total_sum_per_minute"": 9670.995683823345}"
1650485955067;0;364;13;"{""window_start"": ""2022-04-20 23:19:00"", ""total_sum_per_minute"": 3840.452321143472}"
1650485954843;0;363;14;"{""window_start"": ""2022-04-20 23:19:00"", ""total_sum_per_minute"": 6200.386263205094}"
1650485954247;0;362;19;"{""window_start"": ""2022-04-20 23:19:00"", ""total_sum_per_minute"": 5360.969767393166}"
1650485953933;0;361;73;"{""window_start"": ""2022-04-20 23:19:00"", ""total_sum_per_minute"": 6244.718378278648}"
1650485953750;0;360;94;"{""window_start"": ""2022-04-20 23:19:00"", ""total_sum_per_minute"": 13735.76322000172}"
1650485953250;0;359;95;"{""window_start"": ""2022-04-20 23:19:00"", ""total_sum_per_minute"": 16264.255194318743}"
1650485952623;0;358;89;"{""window_start"": ""2022-04-20 23:19:00"", ""total_sum_per_minute"": 6766.829611565079}"
1650485952286;0;357;64;"{""window_start"": ""2022-04-20 23:19:00"", ""total_sum_per_minute"": 3969.1593003377493}"
1650485950693;0;356;23;"{""window_start"": ""2022-04-20 23:19:00"", ""total_sum_per_minute"": 4329.725048360155}"
1650485950574;0;355;35;"{""window_start"": ""2022-04-20 23:19:00"", ""total_sum_per_minute"": 3520.4902194641145}"
1650485950556;0;354;34;"{""window_start"": ""2022-04-20 23:19:00"", ""total_sum_per_minute"": 8667.644604933277}"
1650485950509;0;353;93;"{""window_start"": ""2022-04-20 23:19:00"", ""total_sum_per_minute"": 7880.14640766103}"
1650485949900;0;352;38;"{""window_start"": ""2022-04-20 23:19:00"", ""total_sum_per_minute"": 5696.0030472454255}"
1650485949562;0;351;20;"{""window_start"": ""2022-04-20 23:19:00"", ""total_sum_per_minute"": 4927.162018358852}"
1650485949122;0;350;51;"{""window_start"": ""2022-04-20 23:19:00"", ""total_sum_per_minute"": 12985.450719211283}"
1650485948887;0;349;67;"{""window_start"": ""2022-04-20 23:19:00"", ""total_sum_per_minute"": 6274.540222059121}"
1650485948492;0;348;39;"{""window_start"": ""2022-04-20 23:19:00"", ""total_sum_per_minute"": 9205.92361100632}"
1650485948105;0;347;1;"{""window_start"": ""2022-04-20 23:19:00"", ""total_sum_per_minute"": 3541.7264823058063}"
1650485947982;0;346;60;"{""window_start"": ""2022-04-20 23:19:00"", ""total_sum_per_minute"": 3890.1640281599257}"
1650485947851;0;345;72;"{""window_start"": ""2022-04-20 23:19:00"", ""total_sum_per_minute"": 7378.629553352257}"
1650485946600;0;344;16;"{""window_start"": ""2022-04-20 23:19:00"", ""total_sum_per_minute"": 4241.1669289061665}"
1650485946131;0;343;8;"{""window_start"": ""2022-04-20 23:19:00"", ""total_sum_per_minute"": 11483.211352283151}"
1650485945477;0;342;31;"{""window_start"": ""2022-04-20 23:19:00"", ""total_sum_per_minute"": 5215.2373857311995}"
1650485945148;0;341;70;"{""window_start"": ""2022-04-20 23:19:00"", ""total_sum_per_minute"": 5020.158568693761}"
1650485945046;0;340;97;"{""window_start"": ""2022-04-20 23:19:00"", ""total_sum_per_minute"": 3426.850207196122}"
1650485944517;0;339;63;"{""window_start"": ""2022-04-20 23:19:00"", ""total_sum_per_minute"": 11817.478439880568}"
1650485944359;0;338;24;"{""window_start"": ""2022-04-20 23:19:00"", ""total_sum_per_minute"": 3371.2796551581387}"
1650485944135;0;337;91;"{""window_start"": ""2022-04-20 23:19:00"", ""total_sum_per_minute"": 3438.34635183228}"
1650485943809;0;336;29;"{""window_start"": ""2022-04-20 23:19:00"", ""total_sum_per_minute"": 5182.933463717183}"
1650485943322;0;335;0;"{""window_start"": ""2022-04-20 23:19:00"", ""total_sum_per_minute"": 7742.799986844605}"
1650485942833;0;334;28;"{""window_start"": ""2022-04-20 23:19:00"", ""total_sum_per_minute"": 6198.2691023541865}"
1650485942461;0;333;83;"{""window_start"": ""2022-04-20 23:19:00"", ""total_sum_per_minute"": 3422.410679221761}"
1650485942093;0;332;65;"{""window_start"": ""2022-04-20 23:19:00"", ""total_sum_per_minute"": 7360.9765194144675}"
1650485941164;0;331;5;"{""window_start"": ""2022-04-20 23:19:00"", ""total_sum_per_minute"": 6502.194087873439}"
1650485940048;0;330;66;"{""window_start"": ""2022-04-20 23:19:00"", ""total_sum_per_minute"": 3920.222158373982}"
1650485939830;0;329;8;"{""window_start"": ""2022-04-20 23:18:00"", ""total_sum_per_minute"": 34233.0205118414}"
1650485939331;0;328;47;"{""window_start"": ""2022-04-20 23:18:00"", ""total_sum_per_minute"": 7953.198701276579}"
1650485939244;0;327;64;"{""window_start"": ""2022-04-20 23:18:00"", ""total_sum_per_minute"": 4762.9911604052995}"
1650485938359;0;326;69;"{""window_start"": ""2022-04-20 23:18:00"", ""total_sum_per_minute"": 18945.578597777807}"
1650485938160;0;325;3;"{""window_start"": ""2022-04-20 23:18:00"", ""total_sum_per_minute"": 25416.217566438452}"
1650485937963;0;324;90;"{""window_start"": ""2022-04-20 23:18:00"", ""total_sum_per_minute"": 8421.790388287005}"
1650485937738;0;323;33;"{""window_start"": ""2022-04-20 23:18:00"", ""total_sum_per_minute"": 19307.22998520378}"
1650485937629;0;322;77;"{""window_start"": ""2022-04-20 23:18:00"", ""total_sum_per_minute"": 14560.604041551582}"
1650485937272;0;321;24;"{""window_start"": ""2022-04-20 23:18:00"", ""total_sum_per_minute"": 6742.559310316277}"
1650485936386;0;320;12;"{""window_start"": ""2022-04-20 23:18:00"", ""total_sum_per_minute"": 10086.41931875495}"
1650485936005;0;319;61;"{""window_start"": ""2022-04-20 23:18:00"", ""total_sum_per_minute"": 13594.122388095819}"
1650485935702;0;318;94;"{""window_start"": ""2022-04-20 23:18:00"", ""total_sum_per_minute"": 34410.045474061815}"
1650485935624;0;317;72;"{""window_start"": ""2022-04-20 23:18:00"", ""total_sum_per_minute"": 9685.139773639088}"
1650485935618;0;316;66;"{""window_start"": ""2022-04-20 23:18:00"", ""total_sum_per_minute"": 7840.444316747965}"
1650485935616;0;315;18;"{""window_start"": ""2022-04-20 23:18:00"", ""total_sum_per_minute"": 22666.41130110457}"
1650485935326;0;314;89;"{""window_start"": ""2022-04-20 23:18:00"", ""total_sum_per_minute"": 5728.79369801871}"
1650485934841;0;313;70;"{""window_start"": ""2022-04-20 23:18:00"", ""total_sum_per_minute"": 16753.599597536555}"
1650485934652;0;312;74;"{""window_start"": ""2022-04-20 23:18:00"", ""total_sum_per_minute"": 9857.885724689935}"
1650485934377;0;311;10;"{""window_start"": ""2022-04-20 23:18:00"", ""total_sum_per_minute"": 29359.3728945148}"
1650485934091;0;310;38;"{""window_start"": ""2022-04-20 23:18:00"", ""total_sum_per_minute"": 8209.974841020592}"
1650485933614;0;309;26;"{""window_start"": ""2022-04-20 23:18:00"", ""total_sum_per_minute"": 10884.405370765746}"
1650485933561;0;308;46;"{""window_start"": ""2022-04-20 23:18:00"", ""total_sum_per_minute"": 4753.854735747689}"
1650485932482;0;307;48;"{""window_start"": ""2022-04-20 23:18:00"", ""total_sum_per_minute"": 11586.152172945283}"
1650485932370;0;306;9;"{""window_start"": ""2022-04-20 23:18:00"", ""total_sum_per_minute"": 19872.57177697536}"
1650485931091;0;305;28;"{""window_start"": ""2022-04-20 23:18:00"", ""total_sum_per_minute"": 7282.410560026969}"
1650485931021;0;304;82;"{""window_start"": ""2022-04-20 23:18:00"", ""total_sum_per_minute"": 21618.959088705597}"
1650485930584;0;303;54;"{""window_start"": ""2022-04-20 23:18:00"", ""total_sum_per_minute"": 25877.945315369205}"
1650485930134;0;302;84;"{""window_start"": ""2022-04-20 23:18:00"", ""total_sum_per_minute"": 18393.365035886192}"
1650485928745;0;301;60;"{""window_start"": ""2022-04-20 23:18:00"", ""total_sum_per_minute"": 7495.233162026865}"
1650485928352;0;300;29;"{""window_start"": ""2022-04-20 23:18:00"", ""total_sum_per_minute"": 3109.7600782303102}"
1650485928309;0;299;92;"{""window_start"": ""2022-04-20 23:18:00"", ""total_sum_per_minute"": 5754.142069966263}"
1650485927978;0;298;62;"{""window_start"": ""2022-04-20 23:18:00"", ""total_sum_per_minute"": 12220.234024788979}"
1650485927893;0;297;83;"{""window_start"": ""2022-04-20 23:18:00"", ""total_sum_per_minute"": 11520.657078715773}"
1650485927587;0;296;88;"{""window_start"": ""2022-04-20 23:18:00"", ""total_sum_per_minute"": 9045.774936813066}"
1650485927268;0;295;31;"{""window_start"": ""2022-04-20 23:18:00"", ""total_sum_per_minute"": 7170.9514053804}"
1650485926404;0;294;95;"{""window_start"": ""2022-04-20 23:18:00"", ""total_sum_per_minute"": 4812.355059481066}"
1650485925417;0;293;30;"{""window_start"": ""2022-04-20 23:18:00"", ""total_sum_per_minute"": 13258.204154431722}"
1650485925272;0;292;65;"{""window_start"": ""2022-04-20 23:18:00"", ""total_sum_per_minute"": 12177.496830022374}"
1650485925243;0;291;80;"{""window_start"": ""2022-04-20 23:18:00"", ""total_sum_per_minute"": 9891.065614940264}"
1650485924221;0;290;73;"{""window_start"": ""2022-04-20 23:18:00"", ""total_sum_per_minute"": 8586.48777013314}"
1650485923571;0;289;14;"{""window_start"": ""2022-04-20 23:18:00"", ""total_sum_per_minute"": 15943.850391098813}"
1650485923303;0;288;21;"{""window_start"": ""2022-04-20 23:18:00"", ""total_sum_per_minute"": 12360.27156993105}"
1650485922985;0;287;85;"{""window_start"": ""2022-04-20 23:18:00"", ""total_sum_per_minute"": 8044.151035117548}"
1650485922116;0;286;97;"{""window_start"": ""2022-04-20 23:18:00"", ""total_sum_per_minute"": 15420.82593238255}"
1650485921283;0;285;41;"{""window_start"": ""2022-04-20 23:18:00"", ""total_sum_per_minute"": 17256.30765842508}"
1650485921010;0;284;86;"{""window_start"": ""2022-04-20 23:18:00"", ""total_sum_per_minute"": 11279.151486775816}"
1650485920925;0;283;98;"{""window_start"": ""2022-04-20 23:18:00"", ""total_sum_per_minute"": 13630.481739756486}"
1650485920358;0;282;0;"{""window_start"": ""2022-04-20 23:18:00"", ""total_sum_per_minute"": 6070.884487968946}"
1650485919699;0;281;78;"{""window_start"": ""2022-04-20 23:18:00"", ""total_sum_per_minute"": 8815.971413249974}"
1650485917517;0;280;16;"{""window_start"": ""2022-04-20 23:18:00"", ""total_sum_per_minute"": 7816.754284990692}"
1650485917139;0;279;52;"{""window_start"": ""2022-04-20 23:18:00"", ""total_sum_per_minute"": 10718.127799685019}"
1650485916320;0;278;15;"{""window_start"": ""2022-04-20 23:18:00"", ""total_sum_per_minute"": 26199.810538696358}"
1650485915526;0;277;34;"{""window_start"": ""2022-04-20 23:18:00"", ""total_sum_per_minute"": 10593.787850474007}"
1650485915071;0;276;75;"{""window_start"": ""2022-04-20 23:18:00"", ""total_sum_per_minute"": 14929.722456893123}"
1650485914712;0;275;23;"{""window_start"": ""2022-04-20 23:18:00"", ""total_sum_per_minute"": 9525.39510639234}"
1650485914043;0;274;1;"{""window_start"": ""2022-04-20 23:18:00"", ""total_sum_per_minute"": 11215.467193968387}"
1650485912853;0;273;32;"{""window_start"": ""2022-04-20 23:18:00"", ""total_sum_per_minute"": 6611.656764348816}"
1650485912459;0;272;56;"{""window_start"": ""2022-04-20 23:18:00"", ""total_sum_per_minute"": 6053.993878201682}"
1650485912358;0;271;5;"{""window_start"": ""2022-04-20 23:18:00"", ""total_sum_per_minute"": 9103.071723022813}"
1650485912220;0;270;37;"{""window_start"": ""2022-04-20 23:18:00"", ""total_sum_per_minute"": 5195.467051345957}"
1650485911641;0;269;43;"{""window_start"": ""2022-04-20 23:18:00"", ""total_sum_per_minute"": 4979.091779954378}"
1650485909522;0;268;96;"{""window_start"": ""2022-04-20 23:18:00"", ""total_sum_per_minute"": 13213.719321896471}"
1650485909228;0;267;67;"{""window_start"": ""2022-04-20 23:18:00"", ""total_sum_per_minute"": 5647.086199853209}"
1650485908317;0;266;44;"{""window_start"": ""2022-04-20 23:18:00"", ""total_sum_per_minute"": 7609.820710115917}"
1650485906495;0;265;87;"{""window_start"": ""2022-04-20 23:18:00"", ""total_sum_per_minute"": 11751.54009038554}"
1650485906432;0;264;59;"{""window_start"": ""2022-04-20 23:18:00"", ""total_sum_per_minute"": 9541.836354374907}"
1650485906363;0;263;42;"{""window_start"": ""2022-04-20 23:18:00"", ""total_sum_per_minute"": 24908.705566490775}"
1650485906069;0;262;20;"{""window_start"": ""2022-04-20 23:18:00"", ""total_sum_per_minute"": 5455.448105734194}"
1650485897669;0;261;55;"{""window_start"": ""2022-04-20 23:18:00"", ""total_sum_per_minute"": 16325.18448118016}"
1650485896645;0;260;45;"{""window_start"": ""2022-04-20 23:18:00"", ""total_sum_per_minute"": 3913.479978042932}"
1650485893847;0;259;68;"{""window_start"": ""2022-04-20 23:18:00"", ""total_sum_per_minute"": 3719.8319224580837}"
1650485888196;0;258;4;"{""window_start"": ""2022-04-20 23:18:00"", ""total_sum_per_minute"": 4256.070895213867}"
1650485887993;0;257;36;"{""window_start"": ""2022-04-20 23:18:00"", ""total_sum_per_minute"": 9843.443907806373}"
1650485886610;0;256;25;"{""window_start"": ""2022-04-20 23:18:00"", ""total_sum_per_minute"": 4044.0515438864168}"
1650485885822;0;255;63;"{""window_start"": ""2022-04-20 23:18:00"", ""total_sum_per_minute"": 3939.159479960189}"
1650485883650;0;254;50;"{""window_start"": ""2022-04-20 23:18:00"", ""total_sum_per_minute"": 5793.990127801942}"
1650485879943;0;253;80;"{""window_start"": ""2022-04-20 23:17:00"", ""total_sum_per_minute"": 14836.598422410396}"
1650485879551;0;252;68;"{""window_start"": ""2022-04-20 23:17:00"", ""total_sum_per_minute"": 11903.462151865868}"
1650485879239;0;251;37;"{""window_start"": ""2022-04-20 23:17:00"", ""total_sum_per_minute"": 13277.304686773}"
1650485879082;0;250;76;"{""window_start"": ""2022-04-20 23:17:00"", ""total_sum_per_minute"": 15624.77723143163}"
1650485878597;0;249;86;"{""window_start"": ""2022-04-20 23:17:00"", ""total_sum_per_minute"": 7961.753990665282}"
1650485878516;0;248;22;"{""window_start"": ""2022-04-20 23:17:00"", ""total_sum_per_minute"": 29399.832995013792}"
1650485878387;0;247;40;"{""window_start"": ""2022-04-20 23:17:00"", ""total_sum_per_minute"": 5012.9182795098495}"
1650485878035;0;246;17;"{""window_start"": ""2022-04-20 23:17:00"", ""total_sum_per_minute"": 17918.908801886064}"
1650485877595;0;245;50;"{""window_start"": ""2022-04-20 23:17:00"", ""total_sum_per_minute"": 15450.640340805181}"
1650485877457;0;244;72;"{""window_start"": ""2022-04-20 23:17:00"", ""total_sum_per_minute"": 9079.818537786647}"
1650485877156;0;243;99;"{""window_start"": ""2022-04-20 23:17:00"", ""total_sum_per_minute"": 38868.91827786706}"
1650485876571;0;242;56;"{""window_start"": ""2022-04-20 23:17:00"", ""total_sum_per_minute"": 16432.269097975994}"
1650485876519;0;241;54;"{""window_start"": ""2022-04-20 23:17:00"", ""total_sum_per_minute"": 6038.187240252814}"
1650485876509;0;240;43;"{""window_start"": ""2022-04-20 23:17:00"", ""total_sum_per_minute"": 13692.502394874538}"
1650485876502;0;239;32;"{""window_start"": ""2022-04-20 23:17:00"", ""total_sum_per_minute"": 5785.199668805214}"
1650485876127;0;238;31;"{""window_start"": ""2022-04-20 23:17:00"", ""total_sum_per_minute"": 11734.2841178952}"
1650485875700;0;237;85;"{""window_start"": ""2022-04-20 23:17:00"", ""total_sum_per_minute"": 5530.353836643314}"
1650485874495;0;236;83;"{""window_start"": ""2022-04-20 23:17:00"", ""total_sum_per_minute"": 8640.49280903683}"
1650485873655;0;235;33;"{""window_start"": ""2022-04-20 23:17:00"", ""total_sum_per_minute"": 6950.60279467336}"
1650485873185;0;234;91;"{""window_start"": ""2022-04-20 23:17:00"", ""total_sum_per_minute"": 17135.85476778319}"
1650485872698;0;233;81;"{""window_start"": ""2022-04-20 23:17:00"", ""total_sum_per_minute"": 8918.05734761017}"
1650485872589;0;232;39;"{""window_start"": ""2022-04-20 23:17:00"", ""total_sum_per_minute"": 8664.39869271183}"
1650485872439;0;231;61;"{""window_start"": ""2022-04-20 23:17:00"", ""total_sum_per_minute"": 12163.16213671731}"
1650485872245;0;230;62;"{""window_start"": ""2022-04-20 23:17:00"", ""total_sum_per_minute"": 14376.745911516446}"
1650485871789;0;229;82;"{""window_start"": ""2022-04-20 23:17:00"", ""total_sum_per_minute"": 41574.92132443384}"
1650485871431;0;228;73;"{""window_start"": ""2022-04-20 23:17:00"", ""total_sum_per_minute"": 14831.20614841179}"
1650485871164;0;227;4;"{""window_start"": ""2022-04-20 23:17:00"", ""total_sum_per_minute"": 19577.92611798379}"
1650485870573;0;226;52;"{""window_start"": ""2022-04-20 23:17:00"", ""total_sum_per_minute"": 16970.369016167948}"
1650485870112;0;225;13;"{""window_start"": ""2022-04-20 23:17:00"", ""total_sum_per_minute"": 8641.017722572813}"
1650485869970;0;224;28;"{""window_start"": ""2022-04-20 23:17:00"", ""total_sum_per_minute"": 3252.424373018345}"
1650485869877;0;223;90;"{""window_start"": ""2022-04-20 23:17:00"", ""total_sum_per_minute"": 25265.371164861015}"
1650485869298;0;222;14;"{""window_start"": ""2022-04-20 23:17:00"", ""total_sum_per_minute"": 15058.080924926657}"
1650485868978;0;221;34;"{""window_start"": ""2022-04-20 23:17:00"", ""total_sum_per_minute"": 12519.931096014734}"
1650485868950;0;220;36;"{""window_start"": ""2022-04-20 23:17:00"", ""total_sum_per_minute"": 13358.959589165792}"
1650485868397;0;219;0;"{""window_start"": ""2022-04-20 23:17:00"", ""total_sum_per_minute"": 9612.233772617497}"
1650485868379;0;218;89;"{""window_start"": ""2022-04-20 23:17:00"", ""total_sum_per_minute"": 12094.12002915061}"
1650485867964;0;217;75;"{""window_start"": ""2022-04-20 23:17:00"", ""total_sum_per_minute"": 12295.065552735512}"
1650485867832;0;216;59;"{""window_start"": ""2022-04-20 23:17:00"", ""total_sum_per_minute"": 11132.142413437392}"
1650485867538;0;215;58;"{""window_start"": ""2022-04-20 23:17:00"", ""total_sum_per_minute"": 12595.17936124475}"
1650485867164;0;214;95;"{""window_start"": ""2022-04-20 23:17:00"", ""total_sum_per_minute"": 16499.503061077943}"
1650485866613;0;213;2;"{""window_start"": ""2022-04-20 23:17:00"", ""total_sum_per_minute"": 23246.262737049503}"
1650485866196;0;212;8;"{""window_start"": ""2022-04-20 23:17:00"", ""total_sum_per_minute"": 6562.5398218720275}"
1650485866056;0;211;98;"{""window_start"": ""2022-04-20 23:17:00"", ""total_sum_per_minute"": 5576.106166264017}"
1650485865849;0;210;65;"{""window_start"": ""2022-04-20 23:17:00"", ""total_sum_per_minute"": 15924.41893156772}"
1650485865464;0;209;46;"{""window_start"": ""2022-04-20 23:17:00"", ""total_sum_per_minute"": 4225.648653997946}"
1650485864853;0;208;30;"{""window_start"": ""2022-04-20 23:17:00"", ""total_sum_per_minute"": 27463.42289132285}"
1650485864377;0;207;20;"{""window_start"": ""2022-04-20 23:17:00"", ""total_sum_per_minute"": 7014.147564515392}"
1650485863600;0;206;6;"{""window_start"": ""2022-04-20 23:17:00"", ""total_sum_per_minute"": 8583.59416785915}"
1650485861140;0;205;48;"{""window_start"": ""2022-04-20 23:17:00"", ""total_sum_per_minute"": 4413.772256360108}"
1650485860725;0;204;15;"{""window_start"": ""2022-04-20 23:17:00"", ""total_sum_per_minute"": 6737.094138521921}"
1650485860466;0;203;16;"{""window_start"": ""2022-04-20 23:17:00"", ""total_sum_per_minute"": 11725.131427486038}"
1650485859380;0;202;96;"{""window_start"": ""2022-04-20 23:17:00"", ""total_sum_per_minute"": 7432.717118566765}"
1650485859145;0;201;1;"{""window_start"": ""2022-04-20 23:17:00"", ""total_sum_per_minute"": 11805.754941019353}"
1650485858963;0;200;64;"{""window_start"": ""2022-04-20 23:17:00"", ""total_sum_per_minute"": 9525.982320810599}"
1650485858351;0;199;84;"{""window_start"": ""2022-04-20 23:17:00"", ""total_sum_per_minute"": 24201.796099850253}"
1650485856539;0;198;47;"{""window_start"": ""2022-04-20 23:17:00"", ""total_sum_per_minute"": 4771.919220765948}"
1650485856157;0;197;26;"{""window_start"": ""2022-04-20 23:17:00"", ""total_sum_per_minute"": 14771.693003182083}"
1650485855634;0;196;92;"{""window_start"": ""2022-04-20 23:17:00"", ""total_sum_per_minute"": 12031.387964474914}"
1650485855103;0;195;24;"{""window_start"": ""2022-04-20 23:17:00"", ""total_sum_per_minute"": 8765.32710341116}"
1650485852856;0;194;18;"{""window_start"": ""2022-04-20 23:17:00"", ""total_sum_per_minute"": 9801.691373450627}"
1650485852066;0;193;45;"{""window_start"": ""2022-04-20 23:17:00"", ""total_sum_per_minute"": 6522.4666300715535}"
1650485851176;0;192;70;"{""window_start"": ""2022-04-20 23:17:00"", ""total_sum_per_minute"": 15230.545088669596}"
1650485848031;0;191;74;"{""window_start"": ""2022-04-20 23:17:00"", ""total_sum_per_minute"": 13801.04001456591}"
1650485846938;0;190;3;"{""window_start"": ""2022-04-20 23:17:00"", ""total_sum_per_minute"": 8930.022388208105}"
1650485846313;0;189;12;"{""window_start"": ""2022-04-20 23:17:00"", ""total_sum_per_minute"": 7889.406159395851}"
1650485845426;0;188;11;"{""window_start"": ""2022-04-20 23:17:00"", ""total_sum_per_minute"": 22758.34185686039}"
1650485845172;0;187;60;"{""window_start"": ""2022-04-20 23:17:00"", ""total_sum_per_minute"": 4996.82210801791}"
1650485844464;0;186;44;"{""window_start"": ""2022-04-20 23:17:00"", ""total_sum_per_minute"": 3459.009413689053}"
1650485842856;0;185;69;"{""window_start"": ""2022-04-20 23:17:00"", ""total_sum_per_minute"": 5683.673579333342}"
1650485842679;0;184;27;"{""window_start"": ""2022-04-20 23:17:00"", ""total_sum_per_minute"": 7624.212478717305}"
1650485841364;0;183;63;"{""window_start"": ""2022-04-20 23:17:00"", ""total_sum_per_minute"": 8863.108829910425}"
1650485840498;0;182;87;"{""window_start"": ""2022-04-20 23:17:00"", ""total_sum_per_minute"": 11751.54009038554}"
1650485839174;0;181;71;"{""window_start"": ""2022-04-20 23:17:00"", ""total_sum_per_minute"": 6441.310407794389}"
1650485838605;0;180;42;"{""window_start"": ""2022-04-20 23:17:00"", ""total_sum_per_minute"": 6554.922517497572}"
1650485837340;0;179;25;"{""window_start"": ""2022-04-20 23:17:00"", ""total_sum_per_minute"": 6740.085906477361}"
1650485831482;0;178;29;"{""window_start"": ""2022-04-20 23:17:00"", ""total_sum_per_minute"": 7774.400195575776}"
1650485819764;0;177;26;"{""window_start"": ""2022-04-20 23:16:00"", ""total_sum_per_minute"": 3109.83010593307}"
1650485819460;0;176;13;"{""window_start"": ""2022-04-20 23:16:00"", ""total_sum_per_minute"": 29763.505488861912}"
1650485819168;0;175;64;"{""window_start"": ""2022-04-20 23:16:00"", ""total_sum_per_minute"": 16670.469061418546}"
1650485818948;0;174;33;"{""window_start"": ""2022-04-20 23:16:00"", ""total_sum_per_minute"": 12356.627190530418}"
1650485818558;0;173;22;"{""window_start"": ""2022-04-20 23:16:00"", ""total_sum_per_minute"": 8166.620276392721}"
1650485818257;0;172;29;"{""window_start"": ""2022-04-20 23:16:00"", ""total_sum_per_minute"": 6219.5201564606205}"
1650485818172;0;171;72;"{""window_start"": ""2022-04-20 23:16:00"", ""total_sum_per_minute"": 5447.891122671987}"
1650485817756;0;170;20;"{""window_start"": ""2022-04-20 23:16:00"", ""total_sum_per_minute"": 12469.595670249584}"
1650485817425;0;169;67;"{""window_start"": ""2022-04-20 23:16:00"", ""total_sum_per_minute"": 10666.718377500507}"
1650485817018;0;168;88;"{""window_start"": ""2022-04-20 23:16:00"", ""total_sum_per_minute"": 9611.135870363883}"
1650485817000;0;167;83;"{""window_start"": ""2022-04-20 23:16:00"", ""total_sum_per_minute"": 14976.854202330502}"
1650485816916;0;166;93;"{""window_start"": ""2022-04-20 23:16:00"", ""total_sum_per_minute"": 13906.784642267012}"
1650485816608;0;165;96;"{""window_start"": ""2022-04-20 23:16:00"", ""total_sum_per_minute"": 23124.008813318826}"
1650485816473;0;164;10;"{""window_start"": ""2022-04-20 23:16:00"", ""total_sum_per_minute"": 19817.576703797495}"
1650485816066;0;163;49;"{""window_start"": ""2022-04-20 23:16:00"", ""total_sum_per_minute"": 20080.91465944901}"
1650485815916;0;162;38;"{""window_start"": ""2022-04-20 23:16:00"", ""total_sum_per_minute"": 6584.969519336659}"
1650485815375;0;161;71;"{""window_start"": ""2022-04-20 23:16:00"", ""total_sum_per_minute"": 23618.138161912757}"
1650485815187;0;160;56;"{""window_start"": ""2022-04-20 23:16:00"", ""total_sum_per_minute"": 13837.700293032414}"
1650485814950;0;159;94;"{""window_start"": ""2022-04-20 23:16:00"", ""total_sum_per_minute"": 12425.849754522324}"
1650485814451;0;158;74;"{""window_start"": ""2022-04-20 23:16:00"", ""total_sum_per_minute"": 20701.560021848865}"
1650485814021;0;157;62;"{""window_start"": ""2022-04-20 23:16:00"", ""total_sum_per_minute"": 5031.861069030756}"
1650485813590;0;156;63;"{""window_start"": ""2022-04-20 23:16:00"", ""total_sum_per_minute"": 21665.377139781038}"
1650485813141;0;155;69;"{""window_start"": ""2022-04-20 23:16:00"", ""total_sum_per_minute"": 7578.231439111123}"
1650485813134;0;154;25;"{""window_start"": ""2022-04-20 23:16:00"", ""total_sum_per_minute"": 16850.214766193403}"
1650485813105;0;153;27;"{""window_start"": ""2022-04-20 23:16:00"", ""total_sum_per_minute"": 20966.58431647259}"
1650485812477;0;152;42;"{""window_start"": ""2022-04-20 23:16:00"", ""total_sum_per_minute"": 6554.922517497573}"
1650485812315;0;151;90;"{""window_start"": ""2022-04-20 23:16:00"", ""total_sum_per_minute"": 5614.52692552467}"
1650485812134;0;150;23;"{""window_start"": ""2022-04-20 23:16:00"", ""total_sum_per_minute"": 17318.90019344062}"
1650485812070;0;149;81;"{""window_start"": ""2022-04-20 23:16:00"", ""total_sum_per_minute"": 15606.600358317799}"
1650485811836;0;148;12;"{""window_start"": ""2022-04-20 23:16:00"", ""total_sum_per_minute"": 7889.406159395851}"
1650485811455;0;147;21;"{""window_start"": ""2022-04-20 23:16:00"", ""total_sum_per_minute"": 3803.160483055708}"
1650485811065;0;146;30;"{""window_start"": ""2022-04-20 23:16:00"", ""total_sum_per_minute"": 21781.3353965664}"
1650485811015;0;145;77;"{""window_start"": ""2022-04-20 23:16:00"", ""total_sum_per_minute"": 14560.604041551582}"
1650485810873;0;144;54;"{""window_start"": ""2022-04-20 23:16:00"", ""total_sum_per_minute"": 5175.589063073841}"
1650485810525;0;143;45;"{""window_start"": ""2022-04-20 23:16:00"", ""total_sum_per_minute"": 13044.933260143107}"
1650485809829;0;142;60;"{""window_start"": ""2022-04-20 23:16:00"", ""total_sum_per_minute"": 13741.260797049252}"
1650485809159;0;141;68;"{""window_start"": ""2022-04-20 23:16:00"", ""total_sum_per_minute"": 19343.125996782037}"
1650485808492;0;140;17;"{""window_start"": ""2022-04-20 23:16:00"", ""total_sum_per_minute"": 17229.720001813526}"
1650485808048;0;139;43;"{""window_start"": ""2022-04-20 23:16:00"", ""total_sum_per_minute"": 8091.024142425864}"
1650485807375;0;138;16;"{""window_start"": ""2022-04-20 23:16:00"", ""total_sum_per_minute"": 3908.377142495346}"
1650485807296;0;137;66;"{""window_start"": ""2022-04-20 23:16:00"", ""total_sum_per_minute"": 14896.844201821134}"
1650485807026;0;136;5;"{""window_start"": ""2022-04-20 23:16:00"", ""total_sum_per_minute"": 11703.949358172187}"
1650485806534;0;135;28;"{""window_start"": ""2022-04-20 23:16:00"", ""total_sum_per_minute"": 14093.838949746161}"
1650485806040;0;134;84;"{""window_start"": ""2022-04-20 23:16:00"", ""total_sum_per_minute"": 37754.801915766395}"
1650485805590;0;133;55;"{""window_start"": ""2022-04-20 23:16:00"", ""total_sum_per_minute"": 7346.333016531071}"
1650485805102;0;132;98;"{""window_start"": ""2022-04-20 23:16:00"", ""total_sum_per_minute"": 6195.673518071131}"
1650485805081;0;131;37;"{""window_start"": ""2022-04-20 23:16:00"", ""total_sum_per_minute"": 31750.07642489196}"
1650485804636;0;130;41;"{""window_start"": ""2022-04-20 23:16:00"", ""total_sum_per_minute"": 17795.567272750865}"
1650485804182;0;129;9;"{""window_start"": ""2022-04-20 23:16:00"", ""total_sum_per_minute"": 8942.657299638911}"
1650485803446;0;128;85;"{""window_start"": ""2022-04-20 23:16:00"", ""total_sum_per_minute"": 13071.745432066014}"
1650485802116;0;127;50;"{""window_start"": ""2022-04-20 23:16:00"", ""total_sum_per_minute"": 13519.310298204533}"
1650485801739;0;126;75;"{""window_start"": ""2022-04-20 23:16:00"", ""total_sum_per_minute"": 10538.62761663044}"
1650485801409;0;125;15;"{""window_start"": ""2022-04-20 23:16:00"", ""total_sum_per_minute"": 20211.28241556576}"
1650485800245;0;124;53;"{""window_start"": ""2022-04-20 23:16:00"", ""total_sum_per_minute"": 10105.187050805893}"
1650485800106;0;123;39;"{""window_start"": ""2022-04-20 23:16:00"", ""total_sum_per_minute"": 7039.8239378283615}"
1650485799847;0;122;99;"{""window_start"": ""2022-04-20 23:16:00"", ""total_sum_per_minute"": 8269.98261231214}"
1650485799749;0;121;82;"{""window_start"": ""2022-04-20 23:16:00"", ""total_sum_per_minute"": 15798.47010328486}"
1650485799376;0;120;80;"{""window_start"": ""2022-04-20 23:16:00"", ""total_sum_per_minute"": 9891.065614940264}"
1650485798572;0;119;59;"{""window_start"": ""2022-04-20 23:16:00"", ""total_sum_per_minute"": 4240.8161574999585}"
1650485798559;0;118;40;"{""window_start"": ""2022-04-20 23:16:00"", ""total_sum_per_minute"": 3898.936439618772}"
1650485798228;0;117;47;"{""window_start"": ""2022-04-20 23:16:00"", ""total_sum_per_minute"": 6362.558961021264}"
1650485797162;0;116;79;"{""window_start"": ""2022-04-20 23:16:00"", ""total_sum_per_minute"": 8951.472764868733}"
1650485797090;0;115;95;"{""window_start"": ""2022-04-20 23:16:00"", ""total_sum_per_minute"": 8249.75153053897}"
1650485796603;0;114;2;"{""window_start"": ""2022-04-20 23:16:00"", ""total_sum_per_minute"": 9962.684030164073}"
1650485795908;0;113;91;"{""window_start"": ""2022-04-20 23:16:00"", ""total_sum_per_minute"": 13327.887041609149}"
1650485795293;0;112;97;"{""window_start"": ""2022-04-20 23:16:00"", ""total_sum_per_minute"": 14564.113380583518}"
1650485793969;0;111;61;"{""window_start"": ""2022-04-20 23:16:00"", ""total_sum_per_minute"": 10016.72175964955}"
1650485793022;0;110;70;"{""window_start"": ""2022-04-20 23:16:00"", ""total_sum_per_minute"": 6853.745289901318}"
1650485790141;0;109;86;"{""window_start"": ""2022-04-20 23:16:00"", ""total_sum_per_minute"": 7961.753990665282}"
1650485789474;0;108;1;"{""window_start"": ""2022-04-20 23:16:00"", ""total_sum_per_minute"": 8854.316205764515}"
1650485787448;0;107;3;"{""window_start"": ""2022-04-20 23:16:00"", ""total_sum_per_minute"": 10990.796785486898}"
1650485786369;0;106;76;"{""window_start"": ""2022-04-20 23:16:00"", ""total_sum_per_minute"": 13888.690872383671}"
1650485786042;0;105;89;"{""window_start"": ""2022-04-20 23:16:00"", ""total_sum_per_minute"": 15913.315827829749}"
1650485785892;0;104;11;"{""window_start"": ""2022-04-20 23:16:00"", ""total_sum_per_minute"": 7315.181311133697}"
1650485784723;0;103;24;"{""window_start"": ""2022-04-20 23:16:00"", ""total_sum_per_minute"": 3371.2796551581387}"
1650485780739;0;102;4;"{""window_start"": ""2022-04-20 23:16:00"", ""total_sum_per_minute"": 7660.92761138496}"
1650485779696;0;101;44;"{""window_start"": ""2022-04-20 23:16:00"", ""total_sum_per_minute"": 4842.613179164674}"
1650485775488;0;100;31;"{""window_start"": ""2022-04-20 23:16:00"", ""total_sum_per_minute"": 6519.046732164}"
1650485763471;0;99;58;"{""window_start"": ""2022-04-20 23:16:00"", ""total_sum_per_minute"": 8396.786240829833}"
1650485762486;0;98;35;"{""window_start"": ""2022-04-20 23:16:00"", ""total_sum_per_minute"": 4058.6850353683926}"
1650485759701;0;97;96;"{""window_start"": ""2022-04-20 23:15:00"", ""total_sum_per_minute"": 31382.58338950412}"
1650485759502;0;96;32;"{""window_start"": ""2022-04-20 23:15:00"", ""total_sum_per_minute"": 5785.199668805214}"
1650485759285;0;95;91;"{""window_start"": ""2022-04-20 23:15:00"", ""total_sum_per_minute"": 13327.887041609149}"
1650485759235;0;94;35;"{""window_start"": ""2022-04-20 23:15:00"", ""total_sum_per_minute"": 5218.309331187933}"
1650485759200;0;93;98;"{""window_start"": ""2022-04-20 23:15:00"", ""total_sum_per_minute"": 8054.37557349247}"
1650485758710;0;92;40;"{""window_start"": ""2022-04-20 23:15:00"", ""total_sum_per_minute"": 19494.682198093862}"
1650485758544;0;91;63;"{""window_start"": ""2022-04-20 23:15:00"", ""total_sum_per_minute"": 38406.80492961184}"
1650485758370;0;90;27;"{""window_start"": ""2022-04-20 23:15:00"", ""total_sum_per_minute"": 18107.5046369536}"
1650485758115;0;89;13;"{""window_start"": ""2022-04-20 23:15:00"", ""total_sum_per_minute"": 27843.279328290173}"
1650485757787;0;88;18;"{""window_start"": ""2022-04-20 23:15:00"", ""total_sum_per_minute"": 7963.874240928633}"
1650485757377;0;87;24;"{""window_start"": ""2022-04-20 23:15:00"", ""total_sum_per_minute"": 9439.583034442789}"
1650485757010;0;86;22;"{""window_start"": ""2022-04-20 23:15:00"", ""total_sum_per_minute"": 16333.24055278544}"
1650485756388;0;85;1;"{""window_start"": ""2022-04-20 23:15:00"", ""total_sum_per_minute"": 14166.905929223223}"
1650485756109;0;84;54;"{""window_start"": ""2022-04-20 23:15:00"", ""total_sum_per_minute"": 22427.552606653313}"
1650485755392;0;83;4;"{""window_start"": ""2022-04-20 23:15:00"", ""total_sum_per_minute"": 14470.641043727148}"
1650485755133;0;82;28;"{""window_start"": ""2022-04-20 23:15:00"", ""total_sum_per_minute"": 13009.697492073381}"
1650485754942;0;81;36;"{""window_start"": ""2022-04-20 23:15:00"", ""total_sum_per_minute"": 16171.372134253324}"
1650485754679;0;80;66;"{""window_start"": ""2022-04-20 23:15:00"", ""total_sum_per_minute"": 9408.533180097558}"
1650485754378;0;79;30;"{""window_start"": ""2022-04-20 23:15:00"", ""total_sum_per_minute"": 20834.32081410699}"
1650485753704;0;78;82;"{""window_start"": ""2022-04-20 23:15:00"", ""total_sum_per_minute"": 6651.987411909415}"
1650485753269;0;77;12;"{""window_start"": ""2022-04-20 23:15:00"", ""total_sum_per_minute"": 13627.156093501926}"
1650485752390;0;76;95;"{""window_start"": ""2022-04-20 23:15:00"", ""total_sum_per_minute"": 11687.148001596874}"
1650485752361;0;75;21;"{""window_start"": ""2022-04-20 23:15:00"", ""total_sum_per_minute"": 22818.962898334248}"
1650485752084;0;74;88;"{""window_start"": ""2022-04-20 23:15:00"", ""total_sum_per_minute"": 5088.248401957349}"
1650485751807;0;73;11;"{""window_start"": ""2022-04-20 23:15:00"", ""total_sum_per_minute"": 18694.352239563894}"
1650485751655;0;72;26;"{""window_start"": ""2022-04-20 23:15:00"", ""total_sum_per_minute"": 6997.117738349408}"
1650485751610;0;71;59;"{""window_start"": ""2022-04-20 23:15:00"", ""total_sum_per_minute"": 5301.020196874948}"
1650485751566;0;70;41;"{""window_start"": ""2022-04-20 23:15:00"", ""total_sum_per_minute"": 4853.336528932054}"
1650485750916;0;69;55;"{""window_start"": ""2022-04-20 23:15:00"", ""total_sum_per_minute"": 4081.2961202950396}"
1650485750074;0;68;60;"{""window_start"": ""2022-04-20 23:15:00"", ""total_sum_per_minute"": 9993.64421603582}"
1650485750004;0;67;97;"{""window_start"": ""2022-04-20 23:15:00"", ""total_sum_per_minute"": 15420.82593238255}"
1650485749529;0;66;9;"{""window_start"": ""2022-04-20 23:15:00"", ""total_sum_per_minute"": 11923.543066185215}"
1650485748964;0;65;39;"{""window_start"": ""2022-04-20 23:15:00"", ""total_sum_per_minute"": 5956.774101239383}"
1650485747519;0;64;33;"{""window_start"": ""2022-04-20 23:15:00"", ""total_sum_per_minute"": 15445.783988163023}"
1650485747413;0;63;94;"{""window_start"": ""2022-04-20 23:15:00"", ""total_sum_per_minute"": 11470.015158020607}"
1650485746775;0;62;8;"{""window_start"": ""2022-04-20 23:15:00"", ""total_sum_per_minute"": 10142.106997438586}"
1650485746290;0;61;73;"{""window_start"": ""2022-04-20 23:15:00"", ""total_sum_per_minute"": 4683.538783708986}"
1650485746080;0;60;7;"{""window_start"": ""2022-04-20 23:15:00"", ""total_sum_per_minute"": 12679.326958866253}"
1650485745704;0;59;47;"{""window_start"": ""2022-04-20 23:15:00"", ""total_sum_per_minute"": 8748.518571404238}"
1650485745211;0;58;68;"{""window_start"": ""2022-04-20 23:15:00"", ""total_sum_per_minute"": 11159.49576737425}"
1650485742692;0;57;31;"{""window_start"": ""2022-04-20 23:15:00"", ""total_sum_per_minute"": 10430.474771462399}"
1650485742685;0;56;42;"{""window_start"": ""2022-04-20 23:15:00"", ""total_sum_per_minute"": 8521.399272746843}"
1650485742627;0;55;49;"{""window_start"": ""2022-04-20 23:15:00"", ""total_sum_per_minute"": 5020.228664862252}"
1650485742507;0;54;2;"{""window_start"": ""2022-04-20 23:15:00"", ""total_sum_per_minute"": 14944.026045246108}"
1650485741969;0;53;89;"{""window_start"": ""2022-04-20 23:15:00"", ""total_sum_per_minute"": 11457.58739603742}"
1650485741611;0;52;64;"{""window_start"": ""2022-04-20 23:15:00"", ""total_sum_per_minute"": 9525.982320810599}"
1650485741412;0;51;80;"{""window_start"": ""2022-04-20 23:15:00"", ""total_sum_per_minute"": 25434.168724132105}"
1650485740885;0;50;93;"{""window_start"": ""2022-04-20 23:15:00"", ""total_sum_per_minute"": 11299.262521841947}"
1650485740530;0;49;48;"{""window_start"": ""2022-04-20 23:15:00"", ""total_sum_per_minute"": 12137.873704990297}"
1650485740248;0;48;99;"{""window_start"": ""2022-04-20 23:15:00"", ""total_sum_per_minute"": 19020.96000831792}"
1650485740225;0;47;34;"{""window_start"": ""2022-04-20 23:15:00"", ""total_sum_per_minute"": 12519.931096014734}"
1650485739778;0;46;6;"{""window_start"": ""2022-04-20 23:15:00"", ""total_sum_per_minute"": 20982.11907698903}"
1650485739432;0;45;37;"{""window_start"": ""2022-04-20 23:15:00"", ""total_sum_per_minute"": 6927.289401794609}"
1650485738989;0;44;19;"{""window_start"": ""2022-04-20 23:15:00"", ""total_sum_per_minute"": 14413.921571389767}"
1650485738491;0;43;75;"{""window_start"": ""2022-04-20 23:15:00"", ""total_sum_per_minute"": 6147.532776367756}"
1650485737773;0;42;72;"{""window_start"": ""2022-04-20 23:15:00"", ""total_sum_per_minute"": 4237.248650967102}"
1650485735662;0;41;29;"{""window_start"": ""2022-04-20 23:15:00"", ""total_sum_per_minute"": 3628.053424602029}"
1650485735481;0;40;52;"{""window_start"": ""2022-04-20 23:15:00"", ""total_sum_per_minute"": 13397.659749606273}"
1650485734772;0;39;76;"{""window_start"": ""2022-04-20 23:15:00"", ""total_sum_per_minute"": 6076.302256667856}"
1650485733838;0;38;61;"{""window_start"": ""2022-04-20 23:15:00"", ""total_sum_per_minute"": 11447.682011028057}"
1650485733405;0;37;87;"{""window_start"": ""2022-04-20 23:15:00"", ""total_sum_per_minute"": 6715.165765934595}"
1650485733062;0;36;5;"{""window_start"": ""2022-04-20 23:15:00"", ""total_sum_per_minute"": 10403.510540597501}"
1650485731864;0;35;74;"{""window_start"": ""2022-04-20 23:15:00"", ""total_sum_per_minute"": 27602.08002913182}"
1650485731368;0;34;83;"{""window_start"": ""2022-04-20 23:15:00"", ""total_sum_per_minute"": 5760.328539357886}"
1650485731034;0;33;46;"{""window_start"": ""2022-04-20 23:15:00"", ""total_sum_per_minute"": 6338.4729809969185}"
1650485730518;0;32;62;"{""window_start"": ""2022-04-20 23:15:00"", ""total_sum_per_minute"": 18689.76968497138}"
1650485729776;0;31;25;"{""window_start"": ""2022-04-20 23:15:00"", ""total_sum_per_minute"": 10110.128859716042}"
1650485729532;0;30;71;"{""window_start"": ""2022-04-20 23:15:00"", ""total_sum_per_minute"": 5009.908094951191}"
1650485728630;0;29;16;"{""window_start"": ""2022-04-20 23:15:00"", ""total_sum_per_minute"": 13288.482284484176}"
1650485726480;0;28;53;"{""window_start"": ""2022-04-20 23:15:00"", ""total_sum_per_minute"": 3608.9953752878187}"
1650485725347;0;27;78;"{""window_start"": ""2022-04-20 23:15:00"", ""total_sum_per_minute"": 10285.299982124969}"
1650485723919;0;26;44;"{""window_start"": ""2022-04-20 23:15:00"", ""total_sum_per_minute"": 6918.018827378106}"
1650485723442;0;25;14;"{""window_start"": ""2022-04-20 23:15:00"", ""total_sum_per_minute"": 9743.46412789372}"
1650485723047;0;24;56;"{""window_start"": ""2022-04-20 23:15:00"", ""total_sum_per_minute"": 15567.412829661465}"
1650485722227;0;23;85;"{""window_start"": ""2022-04-20 23:15:00"", ""total_sum_per_minute"": 10557.94823359178}"
1650485721836;0;22;70;"{""window_start"": ""2022-04-20 23:15:00"", ""total_sum_per_minute"": 6092.2180354678385}"
1650485718372;0;21;69;"{""window_start"": ""2022-04-20 23:15:00"", ""total_sum_per_minute"": 28418.367896666714}"
1650485716818;0;20;79;"{""window_start"": ""2022-04-20 23:15:00"", ""total_sum_per_minute"": 12110.816093645932}"
1650485712023;0;19;3;"{""window_start"": ""2022-04-20 23:15:00"", ""total_sum_per_minute"": 6869.2479909293115}"
1650485710911;0;18;23;"{""window_start"": ""2022-04-20 23:15:00"", ""total_sum_per_minute"": 6927.560077376247}"
1650485708548;0;17;10;"{""window_start"": ""2022-04-20 23:15:00"", ""total_sum_per_minute"": 12477.73348016879}"
1650485707254;0;16;90;"{""window_start"": ""2022-04-20 23:15:00"", ""total_sum_per_minute"": 9357.54487587445}"
1650485705052;0;15;86;"{""window_start"": ""2022-04-20 23:15:00"", ""total_sum_per_minute"": 3317.397496110534}"
1650485703905;0;14;51;"{""window_start"": ""2022-04-20 23:15:00"", ""total_sum_per_minute"": 7950.743255499667}"
1650485703269;0;13;0;"{""window_start"": ""2022-04-20 23:15:00"", ""total_sum_per_minute"": 3541.3492846485515}"
1650485699828;0;12;11;"{""window_start"": ""2022-04-20 23:14:00"", ""total_sum_per_minute"": 8940.777158052297}"
1650485699710;0;11;13;"{""window_start"": ""2022-04-20 23:14:00"", ""total_sum_per_minute"": 11521.356963430417}"
1650485699062;0;10;69;"{""window_start"": ""2022-04-20 23:14:00"", ""total_sum_per_minute"": 7578.231439111123}"
1650485698439;0;9;88;"{""window_start"": ""2022-04-20 23:14:00"", ""total_sum_per_minute"": 5088.248401957349}"
1650485698236;0;8;2;"{""window_start"": ""2022-04-20 23:14:00"", ""total_sum_per_minute"": 5811.565684262376}"
1650485697965;0;7;7;"{""window_start"": ""2022-04-20 23:14:00"", ""total_sum_per_minute"": 26264.320129080097}"
